57ssss,$2b$10$kH4P0fmPPz0uIBMjMlSIhe3iOIpYmN.zJBgINIaNttcNL0eetV97W,2007-04-30 13:10:02,1459657883@qqc,fgeggghhhhh,1,admin
57sss,$2b$10$RTcxqV3DcRw8ZC6U71Oo8.L5F/w0hmGRGlWXrprzo8co7Ow8Ssm1G,2007-04-30 13:10:02,1459657883@qqcosss,fgeggghhhhh,2,admin
qinlong,123123,2007-04-30 13:10:02,1459657883@qq.com,,3,admin
115,sdasfasf,2007-04-30 13:10:02,sfegerg4894848,fgeggghhhhh,4,admin
565,sdasfasf,2007-04-30 13:10:02,1459657883@qqcom,fgeggghhhhh,5,admin
57,sdasfasf,2007-04-30 13:10:02,1459657883@qqco,fgeggghhhhh,6,admin
57ss,sdasfasf,2007-04-30 13:10:02,1459657883@qqcoss,fgeggghhhhh,7,admin
4524,53453453453,2007-04-30 13:10:02,453453453,45345,8,admin
qin,$2b$10$8g5E0YxhKTBwvUaLoBuH8.Ztf4kcqxPDe/dro8ymKd4zC6uOWel7m,2022-08-21 22:05:24,1459657883,fgeggghhhhh,11,user
admin,$2b$10$FPfWGZhwRdVNaXskikDgSuWakjnWaD7RUY2/4/MtznEb1tg6RmAsa,2022-09-06 21:10:19,asdasd,,12,employee
123456,$2b$10$ZJbILXLFOO4qWrrEOr/IqeUGdi50G1c5OjyHJhsTDf1JmFB2Xv0S.,2022-09-06 21:56:15,123456,,13,employee
11111111,$2b$10$bHxFBWRPaWYgYkgLXghsJ.AMIIUezfvhVqDWXqpeXCaNPEwfKUA76,2022-09-07 21:26:34,11111111,,14,employee
